[{"종목명":"CJ ENM ","PER":"7.91"},{"종목명":"CJ제일제당 ","PER":"11.16"},{"종목명":"DB손해보험 ","PER":"3.89"},{"종목명":"F&F ","PER":"23.59"},{"종목명":"GS ","PER":"3.01"},{"종목명":"GS건설 ","PER":"4.60"},{"종목명":"HD현대 ","PER":"-"},{"종목명":"HLB ","PER":"-"},{"종목명":"HMM ","PER":"1.35"},{"종목명":"KB금융 ","PER":"4.27"},{"종목명":"KT ","PER":"6.22"},{"종목명":"KT&G ","PER":"11.89"},{"종목명":"LG ","PER":"5.21"},{"종목명":"LG디스플레이 ","PER":"3.89"},{"종목명":"LG생활건강 ","PER":"10.36"},{"종목명":"LG에너지솔루션 ","PER":"148.62"},{"종목명":"LG유플러스 ","PER":"6.85"},{"종목명":"LG이노텍 ","PER":"7.54"},{"종목명":"LG전자 ","PER":"14.46"},{"종목명":"LG화학 ","PER":"14.50"},{"종목명":"NAVER ","PER":"1.52"},{"종목명":"OCI ","PER":"3.69"},{"종목명":"POSCO홀딩스 ","PER":"2.95"},{"종목명":"S-Oil ","PER":"7.58"},{"종목명":"SK ","PER":"5.87"},{"종목명":"SKC ","PER":"17.33"},{"종목명":"SK바이오사이언스 ","PER":"16.66"},{"종목명":"SK바이오팜 ","PER":"71.74"},{"종목명":"SK스퀘어 ","PER":"13.89"},{"종목명":"SK아이이테크놀로지 ","PER":"39.96"},{"종목명":"SK이노베이션 ","PER":"52.06"},{"종목명":"SK텔레콤 ","PER":"7.01"},{"종목명":"SK하이닉스 ","PER":"5.91"},{"종목명":"강원랜드 ","PER":"-"},{"종목명":"고려아연 ","PER":"12.84"},{"종목명":"금호석유 ","PER":"1.91"},{"종목명":"기아 ","PER":"5.43"},{"종목명":"기업은행 ","PER":"3.61"},{"종목명":"넷마블 ","PER":"15.34"},{"종목명":"대우조선해양 ","PER":"-"},{"종목명":"대한항공 ","PER":"13.08"},{"종목명":"두산밥캣 ","PER":"9.13"},{"종목명":"두산에너빌리티 ","PER":"14.21"},{"종목명":"롯데케미칼 ","PER":"4.05"},{"종목명":"메리츠화재 ","PER":"5.53"},{"종목명":"미래에셋증권 ","PER":"3.46"},{"종목명":"삼성SDI ","PER":"42.25"},{"종목명":"삼성물산 ","PER":"12.21"},{"종목명":"삼성바이오로직스 ","PER":"147.98"},{"종목명":"삼성생명 ","PER":"8.16"},{"종목명":"삼성에스디에스 ","PER":"15.82"},{"종목명":"삼성엔지니어링 ","PER":"13.55"},{"종목명":"삼성전기 ","PER":"10.20"},{"종목명":"삼성전자 ","PER":"10.25"},{"종목명":"삼성중공업 ","PER":"-"},{"종목명":"삼성증권 ","PER":"2.92"},{"종목명":"삼성화재 ","PER":"7.63"},{"종목명":"셀트리온 ","PER":"44.75"},{"종목명":"셀트리온제약 ","PER":"71.66"},{"종목명":"셀트리온헬스케어 ","PER":"69.19"},{"종목명":"신한지주 ","PER":"4.86"},{"종목명":"씨젠 ","PER":"2.87"},{"종목명":"아모레퍼시픽 ","PER":"34.43"},{"종목명":"알테오젠 ","PER":"-"},{"종목명":"에스디바이오센서 ","PER":"2.78"},{"종목명":"에코프로비엠 ","PER":"96.79"},{"종목명":"엔씨소프트 ","PER":"19.96"},{"종목명":"엘앤에프 ","PER":"-"},{"종목명":"오리온 ","PER":"15.19"},{"종목명":"우리금융지주 ","PER":"3.27"},{"종목명":"유한양행 ","PER":"39.57"},{"종목명":"이마트 ","PER":"1.52"},{"종목명":"일진머티리얼즈 ","PER":"46.51"},{"종목명":"카카오 ","PER":"15.55"},{"종목명":"카카오게임즈 ","PER":"5.29"},{"종목명":"카카오뱅크 ","PER":"42.51"},{"종목명":"카카오페이 ","PER":"-"},{"종목명":"코웨이 ","PER":"8.40"},{"종목명":"크래프톤 ","PER":"15.22"},{"종목명":"팬오션 ","PER":"4.07"},{"종목명":"펄어비스 ","PER":"43.99"},{"종목명":"포스코케미칼 ","PER":"120.94"},{"종목명":"하나금융지주 ","PER":"3.46"},{"종목명":"하이브 ","PER":"34.34"},{"종목명":"한국가스공사 ","PER":"3.16"},{"종목명":"한국금융지주 ","PER":"1.65"},{"종목명":"한국전력 ","PER":"-"},{"종목명":"한국조선해양 ","PER":"-"},{"종목명":"한국타이어앤테크놀로지 ","PER":"6.60"},{"종목명":"한국항공우주 ","PER":"74.47"},{"종목명":"한미약품 ","PER":"45.69"},{"종목명":"한온시스템 ","PER":"13.55"},{"종목명":"한화솔루션 ","PER":"14.79"},{"종목명":"현대건설 ","PER":"10.61"},{"종목명":"현대글로비스 ","PER":"8.21"},{"종목명":"현대모비스 ","PER":"8.52"},{"종목명":"현대제철 ","PER":"2.62"},{"종목명":"현대중공업 ","PER":"-"},{"종목명":"현대차 ","PER":"8.54"},{"종목명":"호텔신라 ","PER":"87.82"}]