[{"\uc885\ubaa9\uba85":"CJ ENM ","PER":"7.91"},{"\uc885\ubaa9\uba85":"CJ\uc81c\uc77c\uc81c\ub2f9 ","PER":"11.16"},{"\uc885\ubaa9\uba85":"DB\uc190\ud574\ubcf4\ud5d8 ","PER":"3.89"},{"\uc885\ubaa9\uba85":"F&F ","PER":"23.59"},{"\uc885\ubaa9\uba85":"GS ","PER":"3.01"},{"\uc885\ubaa9\uba85":"GS\uac74\uc124 ","PER":"4.60"},{"\uc885\ubaa9\uba85":"HD\ud604\ub300 ","PER":"-"},{"\uc885\ubaa9\uba85":"HLB ","PER":"-"},{"\uc885\ubaa9\uba85":"HMM ","PER":"1.35"},{"\uc885\ubaa9\uba85":"KB\uae08\uc735 ","PER":"4.27"},{"\uc885\ubaa9\uba85":"KT ","PER":"6.22"},{"\uc885\ubaa9\uba85":"KT&G ","PER":"11.89"},{"\uc885\ubaa9\uba85":"LG ","PER":"5.21"},{"\uc885\ubaa9\uba85":"LG\ub514\uc2a4\ud50c\ub808\uc774 ","PER":"3.89"},{"\uc885\ubaa9\uba85":"LG\uc0dd\ud65c\uac74\uac15 ","PER":"10.36"},{"\uc885\ubaa9\uba85":"LG\uc5d0\ub108\uc9c0\uc194\ub8e8\uc158 ","PER":"148.62"},{"\uc885\ubaa9\uba85":"LG\uc720\ud50c\ub7ec\uc2a4 ","PER":"6.85"},{"\uc885\ubaa9\uba85":"LG\uc774\ub178\ud14d ","PER":"7.54"},{"\uc885\ubaa9\uba85":"LG\uc804\uc790 ","PER":"14.46"},{"\uc885\ubaa9\uba85":"LG\ud654\ud559 ","PER":"14.50"},{"\uc885\ubaa9\uba85":"NAVER ","PER":"1.52"},{"\uc885\ubaa9\uba85":"OCI ","PER":"3.69"},{"\uc885\ubaa9\uba85":"POSCO\ud640\ub529\uc2a4 ","PER":"2.95"},{"\uc885\ubaa9\uba85":"S-Oil ","PER":"7.58"},{"\uc885\ubaa9\uba85":"SK ","PER":"5.87"},{"\uc885\ubaa9\uba85":"SKC ","PER":"17.33"},{"\uc885\ubaa9\uba85":"SK\ubc14\uc774\uc624\uc0ac\uc774\uc5b8\uc2a4 ","PER":"16.66"},{"\uc885\ubaa9\uba85":"SK\ubc14\uc774\uc624\ud31c ","PER":"71.74"},{"\uc885\ubaa9\uba85":"SK\uc2a4\ud018\uc5b4 ","PER":"13.89"},{"\uc885\ubaa9\uba85":"SK\uc544\uc774\uc774\ud14c\ud06c\ub180\ub85c\uc9c0 ","PER":"39.96"},{"\uc885\ubaa9\uba85":"SK\uc774\ub178\ubca0\uc774\uc158 ","PER":"52.06"},{"\uc885\ubaa9\uba85":"SK\ud154\ub808\ucf64 ","PER":"7.01"},{"\uc885\ubaa9\uba85":"SK\ud558\uc774\ub2c9\uc2a4 ","PER":"5.91"},{"\uc885\ubaa9\uba85":"\uac15\uc6d0\ub79c\ub4dc ","PER":"-"},{"\uc885\ubaa9\uba85":"\uace0\ub824\uc544\uc5f0 ","PER":"12.84"},{"\uc885\ubaa9\uba85":"\uae08\ud638\uc11d\uc720 ","PER":"1.91"},{"\uc885\ubaa9\uba85":"\uae30\uc544 ","PER":"5.43"},{"\uc885\ubaa9\uba85":"\uae30\uc5c5\uc740\ud589 ","PER":"3.61"},{"\uc885\ubaa9\uba85":"\ub137\ub9c8\ube14 ","PER":"15.34"},{"\uc885\ubaa9\uba85":"\ub300\uc6b0\uc870\uc120\ud574\uc591 ","PER":"-"},{"\uc885\ubaa9\uba85":"\ub300\ud55c\ud56d\uacf5 ","PER":"13.08"},{"\uc885\ubaa9\uba85":"\ub450\uc0b0\ubc25\ucea3 ","PER":"9.13"},{"\uc885\ubaa9\uba85":"\ub450\uc0b0\uc5d0\ub108\ube4c\ub9ac\ud2f0 ","PER":"14.21"},{"\uc885\ubaa9\uba85":"\ub86f\ub370\ucf00\ubbf8\uce7c ","PER":"4.05"},{"\uc885\ubaa9\uba85":"\uba54\ub9ac\uce20\ud654\uc7ac ","PER":"5.53"},{"\uc885\ubaa9\uba85":"\ubbf8\ub798\uc5d0\uc14b\uc99d\uad8c ","PER":"3.46"},{"\uc885\ubaa9\uba85":"\uc0bc\uc131SDI ","PER":"42.25"},{"\uc885\ubaa9\uba85":"\uc0bc\uc131\ubb3c\uc0b0 ","PER":"12.21"},{"\uc885\ubaa9\uba85":"\uc0bc\uc131\ubc14\uc774\uc624\ub85c\uc9c1\uc2a4 ","PER":"147.98"},{"\uc885\ubaa9\uba85":"\uc0bc\uc131\uc0dd\uba85 ","PER":"8.16"},{"\uc885\ubaa9\uba85":"\uc0bc\uc131\uc5d0\uc2a4\ub514\uc5d0\uc2a4 ","PER":"15.82"},{"\uc885\ubaa9\uba85":"\uc0bc\uc131\uc5d4\uc9c0\ub2c8\uc5b4\ub9c1 ","PER":"13.55"},{"\uc885\ubaa9\uba85":"\uc0bc\uc131\uc804\uae30 ","PER":"10.20"},{"\uc885\ubaa9\uba85":"\uc0bc\uc131\uc804\uc790 ","PER":"10.25"},{"\uc885\ubaa9\uba85":"\uc0bc\uc131\uc911\uacf5\uc5c5 ","PER":"-"},{"\uc885\ubaa9\uba85":"\uc0bc\uc131\uc99d\uad8c ","PER":"2.92"},{"\uc885\ubaa9\uba85":"\uc0bc\uc131\ud654\uc7ac ","PER":"7.63"},{"\uc885\ubaa9\uba85":"\uc140\ud2b8\ub9ac\uc628 ","PER":"44.75"},{"\uc885\ubaa9\uba85":"\uc140\ud2b8\ub9ac\uc628\uc81c\uc57d ","PER":"71.66"},{"\uc885\ubaa9\uba85":"\uc140\ud2b8\ub9ac\uc628\ud5ec\uc2a4\ucf00\uc5b4 ","PER":"69.19"},{"\uc885\ubaa9\uba85":"\uc2e0\ud55c\uc9c0\uc8fc ","PER":"4.86"},{"\uc885\ubaa9\uba85":"\uc528\uc820 ","PER":"2.87"},{"\uc885\ubaa9\uba85":"\uc544\ubaa8\ub808\ud37c\uc2dc\ud53d ","PER":"34.43"},{"\uc885\ubaa9\uba85":"\uc54c\ud14c\uc624\uc820 ","PER":"-"},{"\uc885\ubaa9\uba85":"\uc5d0\uc2a4\ub514\ubc14\uc774\uc624\uc13c\uc11c ","PER":"2.78"},{"\uc885\ubaa9\uba85":"\uc5d0\ucf54\ud504\ub85c\ube44\uc5e0 ","PER":"96.79"},{"\uc885\ubaa9\uba85":"\uc5d4\uc528\uc18c\ud504\ud2b8 ","PER":"19.96"},{"\uc885\ubaa9\uba85":"\uc5d8\uc564\uc5d0\ud504 ","PER":"-"},{"\uc885\ubaa9\uba85":"\uc624\ub9ac\uc628 ","PER":"15.19"},{"\uc885\ubaa9\uba85":"\uc6b0\ub9ac\uae08\uc735\uc9c0\uc8fc ","PER":"3.27"},{"\uc885\ubaa9\uba85":"\uc720\ud55c\uc591\ud589 ","PER":"39.57"},{"\uc885\ubaa9\uba85":"\uc774\ub9c8\ud2b8 ","PER":"1.52"},{"\uc885\ubaa9\uba85":"\uc77c\uc9c4\uba38\ud2f0\ub9ac\uc5bc\uc988 ","PER":"46.51"},{"\uc885\ubaa9\uba85":"\uce74\uce74\uc624 ","PER":"15.55"},{"\uc885\ubaa9\uba85":"\uce74\uce74\uc624\uac8c\uc784\uc988 ","PER":"5.29"},{"\uc885\ubaa9\uba85":"\uce74\uce74\uc624\ubc45\ud06c ","PER":"42.51"},{"\uc885\ubaa9\uba85":"\uce74\uce74\uc624\ud398\uc774 ","PER":"-"},{"\uc885\ubaa9\uba85":"\ucf54\uc6e8\uc774 ","PER":"8.40"},{"\uc885\ubaa9\uba85":"\ud06c\ub798\ud504\ud1a4 ","PER":"15.22"},{"\uc885\ubaa9\uba85":"\ud32c\uc624\uc158 ","PER":"4.07"},{"\uc885\ubaa9\uba85":"\ud384\uc5b4\ube44\uc2a4 ","PER":"43.99"},{"\uc885\ubaa9\uba85":"\ud3ec\uc2a4\ucf54\ucf00\ubbf8\uce7c ","PER":"120.94"},{"\uc885\ubaa9\uba85":"\ud558\ub098\uae08\uc735\uc9c0\uc8fc ","PER":"3.46"},{"\uc885\ubaa9\uba85":"\ud558\uc774\ube0c ","PER":"34.34"},{"\uc885\ubaa9\uba85":"\ud55c\uad6d\uac00\uc2a4\uacf5\uc0ac ","PER":"3.16"},{"\uc885\ubaa9\uba85":"\ud55c\uad6d\uae08\uc735\uc9c0\uc8fc ","PER":"1.65"},{"\uc885\ubaa9\uba85":"\ud55c\uad6d\uc804\ub825 ","PER":"-"},{"\uc885\ubaa9\uba85":"\ud55c\uad6d\uc870\uc120\ud574\uc591 ","PER":"-"},{"\uc885\ubaa9\uba85":"\ud55c\uad6d\ud0c0\uc774\uc5b4\uc564\ud14c\ud06c\ub180\ub85c\uc9c0 ","PER":"6.60"},{"\uc885\ubaa9\uba85":"\ud55c\uad6d\ud56d\uacf5\uc6b0\uc8fc ","PER":"74.47"},{"\uc885\ubaa9\uba85":"\ud55c\ubbf8\uc57d\ud488 ","PER":"45.69"},{"\uc885\ubaa9\uba85":"\ud55c\uc628\uc2dc\uc2a4\ud15c ","PER":"13.55"},{"\uc885\ubaa9\uba85":"\ud55c\ud654\uc194\ub8e8\uc158 ","PER":"14.79"},{"\uc885\ubaa9\uba85":"\ud604\ub300\uac74\uc124 ","PER":"10.61"},{"\uc885\ubaa9\uba85":"\ud604\ub300\uae00\ub85c\ube44\uc2a4 ","PER":"8.21"},{"\uc885\ubaa9\uba85":"\ud604\ub300\ubaa8\ube44\uc2a4 ","PER":"8.52"},{"\uc885\ubaa9\uba85":"\ud604\ub300\uc81c\ucca0 ","PER":"2.62"},{"\uc885\ubaa9\uba85":"\ud604\ub300\uc911\uacf5\uc5c5 ","PER":"-"},{"\uc885\ubaa9\uba85":"\ud604\ub300\ucc28 ","PER":"8.54"},{"\uc885\ubaa9\uba85":"\ud638\ud154\uc2e0\ub77c ","PER":"87.82"}]